{
	"molName": "TTP",
	"molCode": "TTP",
	"molParams": [
		{
			"dataType": "hydrogenBond",
			"hydrogenBond": [
				{
					"hybridization": 6,
					"isDipoled": 0,
					"hydrogensMovility": 0,
					"explicitSolvation": -0.2,
					"partialCovalentContribution": 0,
					"dummyHydrogens": 0,
					"doubleBond": 0,
					"planeDistance": 0.75,
					"bondTolerance": 0.5,
					"acceptor": 0,
					"hydrogenName": "_",
					"charge": -0.2,
					"pKa": 0,
					"atom": "O4'",
					"donor": 0,
					"hydrogens": 0,
					"minBondDistance": 3.5,
					"isCharged": 0
				},
				{
					"hybridization": 6,
					"isDipoled": 0,
					"hydrogensMovility": 0,
					"explicitSolvation": -0.2,
					"partialCovalentContribution": 0,
					"dummyHydrogens": 0,
					"doubleBond": 0,
					"planeDistance": 0.75,
					"bondTolerance": 0.5,
					"acceptor": 0,
					"hydrogenName": "_",
					"charge": -0.2,
					"pKa": 0,
					"atom": "O4'",
					"donor": 0,
					"hydrogens": 0,
					"minBondDistance": 3.5,
					"isCharged": 0
				},
				{
					"hybridization": 3,
					"isDipoled": 1,
					"hydrogensMovility": 0,
					"explicitSolvation": -0.2,
					"partialCovalentContribution": 0,
					"dummyHydrogens": 0,
					"doubleBond": 1,
					"planeDistance": 0.75,
					"bondTolerance": 0.5,
					"acceptor": 2,
					"hydrogenName": "X",
					"charge": -0.3,
					"pKa": 0,
					"atom": "O2",
					"donor": 0,
					"hydrogens": 2,
					"minBondDistance": 3.5,
					"isCharged": 1
				},
				{
					"hybridization": 3,
					"isDipoled": 1,
					"hydrogensMovility": 0,
					"explicitSolvation": -0.2,
					"partialCovalentContribution": 0,
					"dummyHydrogens": 0,
					"doubleBond": 1,
					"planeDistance": 0.75,
					"bondTolerance": 0.5,
					"acceptor": 2,
					"hydrogenName": "X",
					"charge": -0.3,
					"pKa": 0,
					"atom": "O2",
					"donor": 0,
					"hydrogens": 2,
					"minBondDistance": 3.5,
					"isCharged": 1
				},
				{
					"hybridization": 1,
					"isDipoled": 1,
					"hydrogensMovility": 2,
					"explicitSolvation": -0.2,
					"partialCovalentContribution": 0,
					"dummyHydrogens": 1,
					"doubleBond": 1,
					"planeDistance": 0.75,
					"bondTolerance": 0.22,
					"acceptor": 0,
					"hydrogenName": "HN3",
					"charge": 0.2,
					"pKa": 0,
					"atom": "N3",
					"donor": 1,
					"hydrogens": 1,
					"minBondDistance": 3.5,
					"isCharged": 1
				},
				{
					"hybridization": 1,
					"isDipoled": 1,
					"hydrogensMovility": 2,
					"explicitSolvation": -0.2,
					"partialCovalentContribution": 0,
					"dummyHydrogens": 1,
					"doubleBond": 1,
					"planeDistance": 0.75,
					"bondTolerance": 0.22,
					"acceptor": 0,
					"hydrogenName": "HN3",
					"charge": 0.2,
					"pKa": 0,
					"atom": "N3",
					"donor": 1,
					"hydrogens": 1,
					"minBondDistance": 3.5,
					"isCharged": 1
				},
				{
					"hybridization": 3,
					"isDipoled": 1,
					"hydrogensMovility": 0,
					"explicitSolvation": -0.2,
					"partialCovalentContribution": 0,
					"dummyHydrogens": 0,
					"doubleBond": 1,
					"planeDistance": 0.75,
					"bondTolerance": 0.22,
					"acceptor": 2,
					"hydrogenName": "X",
					"charge": -0.3,
					"pKa": 0,
					"atom": "O4",
					"donor": 0,
					"hydrogens": 2,
					"minBondDistance": 3.5,
					"isCharged": 1
				},
				{
					"hybridization": 3,
					"isDipoled": 1,
					"hydrogensMovility": 0,
					"explicitSolvation": -0.2,
					"partialCovalentContribution": 0,
					"dummyHydrogens": 0,
					"doubleBond": 1,
					"planeDistance": 0.75,
					"bondTolerance": 0.22,
					"acceptor": 2,
					"hydrogenName": "X",
					"charge": -0.3,
					"pKa": 0,
					"atom": "O4",
					"donor": 0,
					"hydrogens": 2,
					"minBondDistance": 3.5,
					"isCharged": 1
				},
				{
					"hybridization": 6,
					"isDipoled": 1,
					"hydrogensMovility": 0,
					"explicitSolvation": 0,
					"partialCovalentContribution": 0,
					"dummyHydrogens": 0,
					"doubleBond": 0,
					"planeDistance": 0.75,
					"bondTolerance": 0.5,
					"acceptor": 0,
					"hydrogenName": "_",
					"charge": 0.3,
					"pKa": 0,
					"atom": "C5M",
					"donor": 0,
					"hydrogens": 0,
					"minBondDistance": 3.5,
					"isCharged": 1
				},
				{
					"hybridization": 6,
					"isDipoled": 1,
					"hydrogensMovility": 0,
					"explicitSolvation": 0,
					"partialCovalentContribution": 0,
					"dummyHydrogens": 0,
					"doubleBond": 0,
					"planeDistance": 0.75,
					"bondTolerance": 0.5,
					"acceptor": 0,
					"hydrogenName": "_",
					"charge": 0.3,
					"pKa": 0,
					"atom": "C5M",
					"donor": 0,
					"hydrogens": 0,
					"minBondDistance": 3.5,
					"isCharged": 1
				},
				{
					"isCharged": 0,
					"isDipoled": 0,
					"minBondDistance": 3.2,
					"explicitSolvation": 0,
					"partialCovalentContribution": 0,
					"dummyHydrogens": 0,
					"doubleBond": 0,
					"atom": "PA",
					"bondTolerance": 0,
					"acceptor": 0,
					"hydrogenName": "_",
					"charge": 0,
					"pKa": 0,
					"planeDistance": 0.89,
					"donor": 0,
					"hydrogens": 0,
					"hydrogensMovility": 0,
					"hybridization": 6
				},
				{
					"hybridization": 3,
					"isDipoled": 0,
					"hydrogensMovility": 0,
					"explicitSolvation": -0.4,
					"partialCovalentContribution": 0,
					"dummyHydrogens": 2,
					"doubleBond": 0,
					"planeDistance": 0.89,
					"bondTolerance": 0.5,
					"acceptor": 2,
					"hydrogenName": "X",
					"charge": -0.6,
					"pKa": 3.5,
					"atom": "O1A",
					"donor": 0,
					"hydrogens": 2,
					"minBondDistance": 3.2,
					"isCharged": 1
				},
				{
					"isCharged": 1,
					"isDipoled": 0,
					"minBondDistance": 3.5,
					"explicitSolvation": -0.4,
					"partialCovalentContribution": 0,
					"dummyHydrogens": 2,
					"doubleBond": 0,
					"atom": "O2A",
					"bondTolerance": 0.5,
					"acceptor": 2,
					"hydrogenName": "X",
					"charge": -0.6,
					"pKa": 3.5,
					"planeDistance": 0.89,
					"donor": 0,
					"hydrogens": 2,
					"hydrogensMovility": 0,
					"hybridization": 3
				},
				{
					"isCharged": 0,
					"isDipoled": 0,
					"minBondDistance": 3.2,
					"explicitSolvation": 0,
					"partialCovalentContribution": 0,
					"dummyHydrogens": 0,
					"doubleBond": 0,
					"atom": "PB",
					"bondTolerance": 0,
					"acceptor": 0,
					"hydrogenName": "_",
					"charge": 0,
					"pKa": 0,
					"planeDistance": 0.89,
					"donor": 0,
					"hydrogens": 0,
					"hydrogensMovility": 0,
					"hybridization": 6
				},
				{
					"hybridization": 3,
					"isDipoled": 0,
					"hydrogensMovility": 0,
					"explicitSolvation": -0.4,
					"partialCovalentContribution": 0,
					"dummyHydrogens": 2,
					"doubleBond": 0,
					"planeDistance": 0.89,
					"bondTolerance": 0.5,
					"acceptor": 2,
					"hydrogenName": "X",
					"charge": -0.6,
					"pKa": 3.5,
					"atom": "O1B",
					"donor": 0,
					"hydrogens": 2,
					"minBondDistance": 3.2,
					"isCharged": 1
				},
				{
					"isCharged": 1,
					"isDipoled": 0,
					"minBondDistance": 3.2,
					"explicitSolvation": -0.4,
					"partialCovalentContribution": 0,
					"dummyHydrogens": 2,
					"doubleBond": 0,
					"atom": "O2B",
					"bondTolerance": 0.5,
					"acceptor": 2,
					"hydrogenName": "X",
					"charge": -0.6,
					"pKa": 3.5,
					"planeDistance": 0.89,
					"donor": 0,
					"hydrogens": 2,
					"hydrogensMovility": 0,
					"hybridization": 3
				},
				{
					"hybridization": 3,
					"isDipoled": 0,
					"hydrogensMovility": 0,
					"explicitSolvation": -0.4,
					"partialCovalentContribution": 0,
					"dummyHydrogens": 0,
					"doubleBond": 0,
					"planeDistance": 0.89,
					"hydrogenName": "X",
					"acceptor": 2,
					"donor": 0,
					"charge": -0.6,
					"pKa": 3.5,
					"atom": "O2G",
					"hydrogens": 2,
					"bondTolerance": 0.5,
					"minBondDistance": 3.2,
					"isCharged": 1
				},
				{
					"isCharged": 1,
					"isDipoled": 0,
					"minBondDistance": 3.2,
					"explicitSolvation": -0.4,
					"partialCovalentContribution": 0,
					"dummyHydrogens": 0,
					"doubleBond": 0,
					"atom": "O1G",
					"hydrogenName": "X",
					"acceptor": 2,
					"hydrogens": 2,
					"charge": -0.6,
					"pKa": 3.5,
					"planeDistance": 0.89,
					"donor": 0,
					"bondTolerance": 0.5,
					"hydrogensMovility": 0,
					"hybridization": 3
				},
				{
					"hybridization": 3,
					"isDipoled": 0,
					"hydrogensMovility": 0,
					"explicitSolvation": -0.4,
					"partialCovalentContribution": 0,
					"dummyHydrogens": 0,
					"doubleBond": 0,
					"planeDistance": 0.89,
					"hydrogenName": "X",
					"acceptor": 2,
					"charge": -0.6,
					"pKa": 3.5,
					"atom": "O3G",
					"donor": 0,
					"bondTolerance": 0.5,
					"minBondDistance": 3.2,
					"isCharged": 1,
					"hydrogens": 2
				}
			]
		},
		{
			"dataType": "aminoAcidEntropy",
			"aminoAcidEntropy": [
				{
					"secondAtom": 0,
					"centreAtom": 10,
					"radius": 6.1,
					"moleculeEntropy": 0.0033
				}
			]
		},
		{
			"dataType": "atomSolvation",
			"atomSolvation": [
				{
					"onelet": "t",
					"lastDihedral": 9,
					"isBackbone": 1,
					"minOccupancy": 187,
					"phi": 2,
					"vdwClashesRadius": 1.3,
					"neighbourAtoms": [
						"P",
						"O1P",
						"O2P",
						"C5'",
						"C4'",
						"O3P",
						"999",
						"999",
						"999",
						"999",
						"999",
						"999",
						"999",
						"999",
						"999",
						"999"
					],
					"res_type": "DNA",
					"vdwInternalRadius": 1.3,
					"z": -1.847,
					"y": 2.307,
					"atom_type": "ATOM",
					"isPolar": 0,
					"solvationEnergy": 0,
					"psi": 1,
					"chi2": -1,
					"chi3": 8,
					"chi1": -1,
					"chi6": -1,
					"chi7": -1,
					"chi4": -1,
					"chi5": -1,
					"volume": 16.1,
					"atom": "O5'",
					"omega": 3,
					"cycleNumber": 0,
					"vdw": -0.81,
					"level": 0,
					"maxOccupancy": 375,
					"isHydrophobic": 0,
					"x": 2.334
				},
				{
					"onelet": "t",
					"lastDihedral": 9,
					"isBackbone": 1,
					"minOccupancy": 141,
					"phi": 3,
					"vdwClashesRadius": 1.62,
					"neighbourAtoms": [
						"O5'",
						"P",
						"C3'",
						"O4'",
						"C4'",
						"999",
						"999",
						"999",
						"999",
						"999",
						"999",
						"999",
						"999",
						"999",
						"999",
						"999"
					],
					"res_type": "DNA",
					"vdwInternalRadius": 1.49,
					"z": -2.429,
					"y": 1.008,
					"atom_type": "ATOM",
					"isPolar": 0,
					"solvationEnergy": -0.58,
					"psi": 2,
					"chi2": -1,
					"chi3": -1,
					"chi1": 1,
					"chi6": -1,
					"chi7": -1,
					"chi4": -1,
					"chi5": -1,
					"volume": 23.5,
					"atom": "C5'",
					"omega": 4,
					"cycleNumber": 0,
					"vdw": -0.89,
					"level": 0,
					"maxOccupancy": 375,
					"isHydrophobic": 0,
					"x": 2.363
				},
				{
					"onelet": "t",
					"lastDihedral": 9,
					"isBackbone": 1,
					"minOccupancy": 197,
					"phi": 4,
					"vdwClashesRadius": 1.62,
					"neighbourAtoms": [
						"O5'",
						"C5'",
						"O4'",
						"C3'",
						"C2'",
						"C1'",
						"N1",
						"O3'",
						"999",
						"999",
						"999",
						"999",
						"999",
						"999",
						"999",
						"999"
					],
					"res_type": "DNA",
					"vdwInternalRadius": 1.49,
					"z": -1.92,
					"y": 0.232,
					"atom_type": "ATOM",
					"isPolar": 0,
					"solvationEnergy": -0.33,
					"psi": 3,
					"chi2": 1,
					"chi3": -1,
					"chi1": 2,
					"chi6": -1,
					"chi7": -1,
					"chi4": 2,
					"chi5": 1,
					"volume": 13.3,
					"atom": "C4'",
					"omega": 999,
					"cycleNumber": 1,
					"vdw": -0.51,
					"level": 0,
					"maxOccupancy": 375,
					"isHydrophobic": 0,
					"x": 1.172
				},
				{
					"onelet": "t",
					"lastDihedral": 9,
					"isBackbone": 1,
					"minOccupancy": 187,
					"phi": 999,
					"vdwClashesRadius": 1.3,
					"neighbourAtoms": [
						"C5'",
						"C3'",
						"C2'",
						"C1'",
						"N1",
						"C4'",
						"O3'",
						"999",
						"999",
						"999",
						"999",
						"999",
						"999",
						"999",
						"999",
						"999"
					],
					"res_type": "DNA",
					"vdwInternalRadius": 1.25,
					"z": -0.461,
					"y": 0,
					"atom_type": "ATOM",
					"isPolar": 1,
					"solvationEnergy": 0,
					"psi": 999,
					"chi2": -1,
					"chi3": -1,
					"chi1": -1,
					"chi6": 1,
					"chi7": 1,
					"chi4": 3,
					"chi5": 2,
					"volume": 16.1,
					"atom": "O4'",
					"omega": 999,
					"cycleNumber": 1,
					"vdw": -0.81,
					"level": 0,
					"maxOccupancy": 375,
					"isHydrophobic": 0,
					"x": 1.343
				},
				{
					"onelet": "t",
					"lastDihedral": 9,
					"isBackbone": 1,
					"minOccupancy": 197,
					"phi": 999,
					"vdwClashesRadius": 1.62,
					"neighbourAtoms": [
						"C5'",
						"O4'",
						"C2'",
						"C1'",
						"N1",
						"C4'",
						"O3'",
						"999",
						"999",
						"999",
						"999",
						"999",
						"999",
						"999",
						"999",
						"999"
					],
					"res_type": "DNA",
					"vdwInternalRadius": 1.49,
					"z": -2.075,
					"y": 1.041,
					"atom_type": "ATOM",
					"isPolar": 0,
					"solvationEnergy": -0.33,
					"psi": 4,
					"chi2": 2,
					"chi3": 1,
					"chi1": 3,
					"chi6": 4,
					"chi7": -1,
					"chi4": 1,
					"chi5": 999,
					"volume": 13.3,
					"atom": "C3'",
					"omega": 999,
					"cycleNumber": 1,
					"vdw": -0.51,
					"level": 0,
					"maxOccupancy": 375,
					"isHydrophobic": 0,
					"x": -0.138
				},
				{
					"onelet": "t",
					"lastDihedral": 9,
					"isBackbone": 1,
					"minOccupancy": 187,
					"phi": 999,
					"vdwClashesRadius": 1.3,
					"neighbourAtoms": [
						"O5'",
						"C3'",
						"C2'",
						"C1'",
						"C4'",
						"999",
						"999",
						"999",
						"999",
						"999",
						"999",
						"999",
						"999",
						"999",
						"999",
						"999"
					],
					"res_type": "DNA",
					"vdwInternalRadius": 1.3,
					"z": -2.705,
					"y": 0.227,
					"atom_type": "ATOM",
					"isPolar": 0,
					"solvationEnergy": 0,
					"psi": 999,
					"chi2": 3,
					"chi3": 2,
					"chi1": 4,
					"chi6": 999,
					"chi7": -1,
					"chi4": -1,
					"chi5": 999,
					"volume": 16.1,
					"atom": "O3'",
					"omega": 7,
					"cycleNumber": 1,
					"vdw": -0.81,
					"level": 0,
					"maxOccupancy": 375,
					"isHydrophobic": 0,
					"x": -1.122
				},
				{
					"onelet": "t",
					"lastDihedral": 9,
					"isBackbone": 1,
					"minOccupancy": 184,
					"phi": 999,
					"vdwClashesRadius": 1.62,
					"neighbourAtoms": [
						"C5'",
						"C3'",
						"C1'",
						"N1",
						"C4'",
						"O3'",
						"999",
						"999",
						"999",
						"999",
						"999",
						"999",
						"999",
						"999",
						"999",
						"999"
					],
					"res_type": "DNA",
					"vdwInternalRadius": 1.45,
					"z": -0.618,
					"y": 1.268,
					"atom_type": "ATOM",
					"isPolar": 0,
					"solvationEnergy": -0.15,
					"psi": 999,
					"chi2": -1,
					"chi3": -1,
					"chi1": -1,
					"chi6": 3,
					"chi7": -1,
					"chi4": 999,
					"chi5": 4,
					"volume": 8.8,
					"atom": "C2'",
					"omega": 999,
					"cycleNumber": 1,
					"vdw": -0.33,
					"level": 0,
					"maxOccupancy": 375,
					"isHydrophobic": 0,
					"x": -0.547
				},
				{
					"onelet": "t",
					"lastDihedral": 9,
					"isBackbone": 1,
					"minOccupancy": 197,
					"phi": 999,
					"vdwClashesRadius": 1.62,
					"neighbourAtoms": [
						"C2'",
						"C1'",
						"O4'",
						"N1",
						"C2",
						"O2",
						"N3",
						"C4",
						"O4",
						"C5",
						"C5M",
						"C6",
						"999",
						"999",
						"999",
						"999"
					],
					"res_type": "DNA",
					"vdwInternalRadius": 1.49,
					"z": 0,
					"y": 0,
					"atom_type": "ATOM",
					"isPolar": 0,
					"solvationEnergy": -0.33,
					"psi": 999,
					"chi2": -1,
					"chi3": -1,
					"chi1": -1,
					"chi6": 2,
					"chi7": 2,
					"chi4": 4,
					"chi5": 3,
					"volume": 13.3,
					"atom": "C1'",
					"omega": 999,
					"cycleNumber": 1,
					"vdw": -0.51,
					"level": 0,
					"maxOccupancy": 375,
					"isHydrophobic": 0,
					"x": 0
				},
				{
					"onelet": "t",
					"lastDihedral": 9,
					"isBackbone": 0,
					"minOccupancy": 217,
					"phi": 999,
					"vdwClashesRadius": 1.45,
					"neighbourAtoms": [
						"C2'",
						"O4'",
						"C1'",
						"O2",
						"N3",
						"C4",
						"O4",
						"C5",
						"C5M",
						"C6",
						"C2",
						"999",
						"999",
						"999",
						"999",
						"999"
					],
					"res_type": "DNA",
					"vdwInternalRadius": 1.4,
					"z": 1.463,
					"y": 0,
					"atom_type": "ATOM",
					"isPolar": 0,
					"solvationEnergy": 0,
					"psi": 999,
					"chi2": -1,
					"chi3": -1,
					"chi1": -1,
					"chi6": -1,
					"chi7": 3,
					"chi4": 999,
					"chi5": 999,
					"volume": 16.1,
					"atom": "N1",
					"omega": 999,
					"cycleNumber": 2,
					"vdw": -0.33,
					"level": 0,
					"maxOccupancy": 375,
					"isHydrophobic": 0,
					"x": 0
				},
				{
					"onelet": "t",
					"lastDihedral": 9,
					"isBackbone": 0,
					"minOccupancy": 184,
					"phi": 999,
					"vdwClashesRadius": 1.62,
					"neighbourAtoms": [
						"C1'",
						"N1",
						"O2",
						"N3",
						"C4",
						"O4",
						"C5",
						"C5M",
						"C6",
						"999",
						"999",
						"999",
						"999",
						"999",
						"999",
						"999"
					],
					"res_type": "DNA",
					"vdwInternalRadius": 1.5,
					"z": 2.12,
					"y": -1.186,
					"atom_type": "ATOM",
					"isPolar": 0,
					"solvationEnergy": -0.15,
					"psi": 999,
					"chi2": -1,
					"chi3": -1,
					"chi1": -1,
					"chi6": -1,
					"chi7": 4,
					"chi4": 999,
					"chi5": 999,
					"volume": 8.8,
					"atom": "C2",
					"omega": 999,
					"cycleNumber": 2,
					"vdw": -0.33,
					"level": 0,
					"maxOccupancy": 375,
					"isHydrophobic": 0,
					"x": -0.322
				},
				{
					"onelet": "t",
					"lastDihedral": 9,
					"isBackbone": 0,
					"minOccupancy": 187,
					"phi": 999,
					"vdwClashesRadius": 1.37,
					"neighbourAtoms": [
						"C1'",
						"C2",
						"N1",
						"N3",
						"C4",
						"O4",
						"C5",
						"C5M",
						"C6",
						"999",
						"999",
						"999",
						"999",
						"999",
						"999",
						"999"
					],
					"res_type": "DNA",
					"vdwInternalRadius": 1.37,
					"z": 1.514,
					"y": -2.214,
					"atom_type": "ATOM",
					"isPolar": 0,
					"solvationEnergy": 0.8,
					"psi": 999,
					"chi2": -1,
					"chi3": -1,
					"chi1": -1,
					"chi6": -1,
					"chi7": 999,
					"chi4": 999,
					"chi5": 999,
					"volume": 16.1,
					"atom": "O2",
					"omega": 999,
					"cycleNumber": 2,
					"vdw": -0.81,
					"level": 0,
					"maxOccupancy": 375,
					"isHydrophobic": 0,
					"x": -0.587
				},
				{
					"onelet": "t",
					"lastDihedral": 9,
					"isBackbone": 0,
					"minOccupancy": 217,
					"phi": 999,
					"vdwClashesRadius": 1.45,
					"neighbourAtoms": [
						"C1'",
						"C2",
						"O2",
						"N1",
						"C4",
						"O4",
						"C5",
						"C5M",
						"C6",
						"999",
						"999",
						"999",
						"999",
						"999",
						"999",
						"999"
					],
					"res_type": "DNA",
					"vdwInternalRadius": 1.4,
					"z": 3.494,
					"y": -1.13,
					"atom_type": "ATOM",
					"isPolar": 0,
					"solvationEnergy": 0.8,
					"psi": 999,
					"chi2": -1,
					"chi3": -1,
					"chi1": -1,
					"chi6": -1,
					"chi7": 999,
					"chi4": 999,
					"chi5": 999,
					"volume": 16.1,
					"atom": "N3",
					"omega": 999,
					"cycleNumber": 2,
					"vdw": -0.81,
					"level": 0,
					"maxOccupancy": 375,
					"isHydrophobic": 0,
					"x": -0.326
				},
				{
					"onelet": "t",
					"lastDihedral": 9,
					"isBackbone": 0,
					"minOccupancy": 184,
					"phi": 999,
					"vdwClashesRadius": 1.62,
					"neighbourAtoms": [
						"C1'",
						"C2",
						"O2",
						"N3",
						"N1",
						"O4",
						"C5",
						"C5M",
						"C6",
						"999",
						"999",
						"999",
						"999",
						"999",
						"999",
						"999"
					],
					"res_type": "DNA",
					"vdwInternalRadius": 1.5,
					"z": 4.285,
					"y": -0.032,
					"atom_type": "ATOM",
					"isPolar": 0,
					"solvationEnergy": -0.15,
					"psi": 999,
					"chi2": -1,
					"chi3": -1,
					"chi1": -1,
					"chi6": -1,
					"chi7": 999,
					"chi4": 999,
					"chi5": 999,
					"volume": 8.8,
					"atom": "C4",
					"omega": 999,
					"cycleNumber": 2,
					"vdw": -0.33,
					"level": 0,
					"maxOccupancy": 375,
					"isHydrophobic": 0,
					"x": -0.049
				},
				{
					"onelet": "t",
					"lastDihedral": 9,
					"isBackbone": 0,
					"minOccupancy": 187,
					"phi": 999,
					"vdwClashesRadius": 1.37,
					"neighbourAtoms": [
						"C1'",
						"C2",
						"O2",
						"N3",
						"C4",
						"N1",
						"C5",
						"C5M",
						"C6",
						"999",
						"999",
						"999",
						"999",
						"999",
						"999",
						"999"
					],
					"res_type": "DNA",
					"vdwInternalRadius": 1.37,
					"z": 5.515,
					"y": -0.131,
					"atom_type": "ATOM",
					"isPolar": 0,
					"solvationEnergy": 0.8,
					"psi": 999,
					"chi2": -1,
					"chi3": -1,
					"chi1": -1,
					"chi6": -1,
					"chi7": 999,
					"chi4": 999,
					"chi5": 999,
					"volume": 16.1,
					"atom": "O4",
					"omega": 999,
					"cycleNumber": 2,
					"vdw": -0.81,
					"level": 0,
					"maxOccupancy": 375,
					"isHydrophobic": 0,
					"x": -0.104
				},
				{
					"onelet": "t",
					"lastDihedral": 9,
					"isBackbone": 0,
					"minOccupancy": 184,
					"phi": 999,
					"vdwClashesRadius": 1.62,
					"neighbourAtoms": [
						"C1'",
						"C2",
						"O2",
						"N3",
						"C4",
						"O4",
						"N1",
						"C5M",
						"C6",
						"999",
						"999",
						"999",
						"999",
						"999",
						"999",
						"999"
					],
					"res_type": "DNA",
					"vdwInternalRadius": 1.5,
					"z": 3.558,
					"y": 1.179,
					"atom_type": "ATOM",
					"isPolar": 0,
					"solvationEnergy": -0.15,
					"psi": 999,
					"chi2": -1,
					"chi3": -1,
					"chi1": -1,
					"chi6": -1,
					"chi7": 999,
					"chi4": 999,
					"chi5": 999,
					"volume": 8.8,
					"atom": "C5",
					"omega": 999,
					"cycleNumber": 2,
					"vdw": -0.33,
					"level": 0,
					"maxOccupancy": 375,
					"isHydrophobic": 0,
					"x": 0.29
				},
				{
					"onelet": "t",
					"lastDihedral": 9,
					"isBackbone": 0,
					"minOccupancy": 120,
					"phi": 999,
					"vdwClashesRadius": 1.75,
					"neighbourAtoms": [
						"C1'",
						"C2",
						"O2",
						"N3",
						"C4",
						"O4",
						"C5",
						"N1",
						"C6",
						"999",
						"999",
						"999",
						"999",
						"999",
						"999",
						"999"
					],
					"res_type": "DNA",
					"vdwInternalRadius": 1.55,
					"z": 4.327,
					"y": 2.423,
					"atom_type": "ATOM",
					"isPolar": 0,
					"solvationEnergy": -0.92,
					"psi": 999,
					"chi2": -1,
					"chi3": -1,
					"chi1": -1,
					"chi6": -1,
					"chi7": 999,
					"chi4": 999,
					"chi5": 999,
					"volume": 36.9,
					"atom": "C5M",
					"omega": 999,
					"cycleNumber": 2,
					"vdw": -1.4,
					"level": 0,
					"maxOccupancy": 375,
					"isHydrophobic": 0,
					"x": 0.613
				},
				{
					"onelet": "t",
					"lastDihedral": 9,
					"isBackbone": 0,
					"minOccupancy": 150,
					"phi": 999,
					"vdwClashesRadius": 1.7,
					"neighbourAtoms": [
						"C1'",
						"C2",
						"O2",
						"N3",
						"C4",
						"O4",
						"C5",
						"C5M",
						"N1",
						"999",
						"999",
						"999",
						"999",
						"999",
						"999",
						"999"
					],
					"res_type": "DNA",
					"vdwInternalRadius": 1.5,
					"z": 2.215,
					"y": 1.131,
					"atom_type": "ATOM",
					"isPolar": 0,
					"solvationEnergy": -0.41,
					"psi": 999,
					"chi2": -1,
					"chi3": -1,
					"chi1": -1,
					"chi6": -1,
					"chi7": 999,
					"chi4": 999,
					"chi5": 999,
					"volume": 21.4,
					"atom": "C6",
					"omega": 999,
					"cycleNumber": 2,
					"vdw": -0.81,
					"level": 0,
					"maxOccupancy": 375,
					"isHydrophobic": 0,
					"x": 0.299
				},
				{
					"isPolar": 0,
					"isBackbone": 1,
					"minOccupancy": 165,
					"solvationEnergy": 0,
					"vdwClashesRadius": 1.49,
					"neighbourAtoms": [
						"O1A",
						"O2A",
						"O5'",
						"C5'",
						"PB",
						"O1B",
						"O2B",
						"O3B",
						"O3A",
						"999",
						"999",
						"999",
						"999",
						"999",
						"999",
						"999"
					],
					"vdwInternalRadius": 1.37,
					"z": -0.697,
					"y": 3.754,
					"atom_type": "ATOM",
					"lastDihedral": 9,
					"phi": 1,
					"psi": -1,
					"chi2": 8,
					"chi3": 9,
					"chi1": -1,
					"chi6": -1,
					"chi7": -1,
					"chi4": -1,
					"chi5": -1,
					"volume": 9.0,
					"atom": "PA",
					"omega": 2,
					"cycleNumber": 0,
					"vdw": 0,
					"level": 0,
					"maxOccupancy": 375,
					"isHydrophobic": 0,
					"x": 3.65
				},
				{
					"lastDihedral": 9,
					"isBackbone": 1,
					"minOccupancy": 141,
					"phi": -1,
					"vdwClashesRadius": 1.37,
					"neighbourAtoms": [
						"PA",
						"O5'",
						"O2A",
						"O3A",
						"PB",
						"O3B",
						"999",
						"999",
						"999",
						"999",
						"999",
						"999",
						"999",
						"999",
						"999",
						"999"
					],
					"vdwInternalRadius": 1.37,
					"z": 0.028,
					"y": 4.89,
					"atom_type": "ATOM",
					"isPolar": 0,
					"solvationEnergy": 1.8,
					"psi": -1,
					"chi2": -1,
					"chi3": -1,
					"chi1": -1,
					"chi6": -1,
					"chi7": -1,
					"chi4": -1,
					"chi5": -1,
					"volume": 16.1,
					"atom": "O1A",
					"omega": -1,
					"cycleNumber": 0,
					"vdw": -0.81,
					"level": 0,
					"maxOccupancy": 375,
					"isHydrophobic": 0,
					"x": 3.041
				},
				{
					"isPolar": 0,
					"isBackbone": 1,
					"minOccupancy": 141,
					"solvationEnergy": 1.8,
					"vdwClashesRadius": 1.37,
					"neighbourAtoms": [
						"PA",
						"O5'",
						"O2A",
						"O3A",
						"PB",
						"O3B",
						"999",
						"999",
						"999",
						"999",
						"999",
						"999",
						"999",
						"999",
						"999",
						"999"
					],
					"vdwInternalRadius": 1.37,
					"z": -1.992,
					"y": 3.991,
					"atom_type": "ATOM",
					"lastDihedral": 9,
					"phi": -1,
					"psi": -1,
					"chi2": -1,
					"chi3": -1,
					"chi1": -1,
					"chi6": -1,
					"chi7": -1,
					"chi4": -1,
					"chi5": -1,
					"volume": 16.1,
					"atom": "O2A",
					"omega": -1,
					"cycleNumber": 0,
					"vdw": -0.81,
					"level": 0,
					"maxOccupancy": 375,
					"isHydrophobic": 0,
					"x": 4.322
				},
				{
					"lastDihedral": 9,
					"isBackbone": 1,
					"minOccupancy": 141,
					"phi": -1,
					"vdwClashesRadius": 1.37,
					"neighbourAtoms": [
						"PA",
						"O5'",
						"O1A",
						"O2A",
						"PB",
						"O1B",
						"O2B",
						"O3B",
						"999",
						"999",
						"999",
						"999",
						"999",
						"999",
						"999",
						"999"
					],
					"vdwInternalRadius": 1.37,
					"z": -1.992,
					"y": 3.991,
					"atom_type": "ATOM",
					"isPolar": 0,
					"solvationEnergy": 0,
					"psi": -1,
					"chi2": -1,
					"chi3": -1,
					"chi1": -1,
					"chi6": -1,
					"chi7": -1,
					"chi4": -1,
					"chi5": -1,
					"volume": 16.1,
					"atom": "O3A",
					"omega": -1,
					"cycleNumber": 0,
					"vdw": -0.81,
					"level": 0,
					"maxOccupancy": 375,
					"isHydrophobic": 0,
					"x": 4.322
				},
				{
					"isPolar": 0,
					"isBackbone": 1,
					"minOccupancy": 165,
					"solvationEnergy": 0,
					"vdwClashesRadius": 1.49,
					"neighbourAtoms": [
						"O1B",
						"O2B",
						"O3B",
						"PG'",
						"PA",
						"O1G",
						"O2G",
						"O3G",
						"O1A",
						"O2A",
						"O5'",
						"O3A",
						"999",
						"999",
						"999",
						"999"
					],
					"vdwInternalRadius": 1.37,
					"z": -0.697,
					"y": 3.754,
					"atom_type": "ATOM",
					"lastDihedral": 9,
					"phi": 1,
					"psi": -1,
					"chi2": 8,
					"chi3": 9,
					"chi1": -1,
					"chi6": -1,
					"chi7": -1,
					"chi4": -1,
					"chi5": -1,
					"volume": 9.0,
					"atom": "PB",
					"omega": 2,
					"cycleNumber": 0,
					"vdw": 0,
					"level": 0,
					"maxOccupancy": 375,
					"isHydrophobic": 0,
					"x": 3.65
				},
				{
					"lastDihedral": 9,
					"isBackbone": 1,
					"minOccupancy": 141,
					"phi": -1,
					"vdwClashesRadius": 1.37,
					"neighbourAtoms": [
						"PB",
						"PG",
						"PA",
						"O2G",
						"O3G",
						"O2B",
						"O3B",
						"O3A",
						"999",
						"999",
						"999",
						"999",
						"999",
						"999",
						"999",
						"999"
					],
					"vdwInternalRadius": 1.37,
					"z": 0.028,
					"y": 4.89,
					"atom_type": "ATOM",
					"isPolar": 0,
					"solvationEnergy": 1.8,
					"psi": -1,
					"chi2": -1,
					"chi3": -1,
					"chi1": -1,
					"chi6": -1,
					"chi7": -1,
					"chi4": -1,
					"chi5": -1,
					"volume": 16.1,
					"atom": "O1B",
					"omega": -1,
					"cycleNumber": 0,
					"vdw": -0.81,
					"level": 0,
					"maxOccupancy": 375,
					"isHydrophobic": 0,
					"x": 3.041
				},
				{
					"isPolar": 0,
					"isBackbone": 1,
					"minOccupancy": 141,
					"solvationEnergy": 1.8,
					"vdwClashesRadius": 1.37,
					"neighbourAtoms": [
						"PB",
						"PG",
						"PA",
						"O1G",
						"O3G",
						"O1B",
						"O3B",
						"O3A",
						"999",
						"999",
						"999",
						"999",
						"999",
						"999",
						"999",
						"999"
					],
					"vdwInternalRadius": 1.37,
					"z": -1.992,
					"y": 3.991,
					"atom_type": "ATOM",
					"lastDihedral": 9,
					"phi": -1,
					"psi": -1,
					"chi2": -1,
					"chi3": -1,
					"chi1": -1,
					"chi6": -1,
					"chi7": -1,
					"chi4": -1,
					"chi5": -1,
					"volume": 16.1,
					"atom": "O2B",
					"omega": -1,
					"cycleNumber": 0,
					"vdw": -0.81,
					"level": 0,
					"maxOccupancy": 375,
					"isHydrophobic": 0,
					"x": 4.322
				},
				{
					"lastDihedral": 9,
					"isBackbone": 1,
					"minOccupancy": 141,
					"phi": -1,
					"vdwClashesRadius": 1.37,
					"neighbourAtoms": [
						"PA",
						"O5'",
						"O1A",
						"O2A",
						"PB",
						"O1B",
						"O2B",
						"O3B",
						"999",
						"999",
						"999",
						"999",
						"999",
						"999",
						"999",
						"999"
					],
					"vdwInternalRadius": 1.37,
					"z": -1.992,
					"y": 3.991,
					"atom_type": "ATOM",
					"isPolar": 0,
					"solvationEnergy": 0,
					"psi": -1,
					"chi2": -1,
					"chi3": -1,
					"chi1": -1,
					"chi6": -1,
					"chi7": -1,
					"chi4": -1,
					"chi5": -1,
					"volume": 16.1,
					"atom": "O3B",
					"omega": -1,
					"cycleNumber": 0,
					"vdw": -0.81,
					"level": 0,
					"maxOccupancy": 375,
					"isHydrophobic": 0,
					"x": 4.322
				},
				{
					"isPolar": 0,
					"isBackbone": 1,
					"minOccupancy": 165,
					"solvationEnergy": 0,
					"vdwClashesRadius": 1.49,
					"neighbourAtoms": [
						"O1G",
						"O2G",
						"O3G",
						"O1B",
						"O2B",
						"O3B",
						"PA",
						"PB",
						"999",
						"999",
						"999",
						"999",
						"999",
						"999",
						"999",
						"999"
					],
					"vdwInternalRadius": 1.37,
					"z": -0.697,
					"y": 3.754,
					"atom_type": "ATOM",
					"lastDihedral": 9,
					"phi": 1,
					"psi": -1,
					"chi2": 8,
					"chi3": 9,
					"chi1": -1,
					"chi6": -1,
					"chi7": -1,
					"chi4": -1,
					"chi5": -1,
					"volume": 9.0,
					"atom": "PG",
					"omega": 2,
					"cycleNumber": 0,
					"vdw": 0,
					"level": 0,
					"maxOccupancy": 375,
					"isHydrophobic": 0,
					"x": 3.65
				},
				{
					"lastDihedral": 9,
					"isBackbone": 1,
					"minOccupancy": 141,
					"phi": -1,
					"vdwClashesRadius": 1.37,
					"neighbourAtoms": [
						"PG",
						"O1B'",
						"O3B",
						"O1G",
						"O3G",
						"O3B",
						"999",
						"999",
						"999",
						"999",
						"999",
						"999",
						"999",
						"999",
						"999",
						"999"
					],
					"vdwInternalRadius": 1.37,
					"z": -1.992,
					"y": 3.991,
					"atom_type": "ATOM",
					"isPolar": 0,
					"solvationEnergy": 1.8,
					"psi": -1,
					"chi2": -1,
					"chi3": -1,
					"chi1": -1,
					"chi6": -1,
					"chi7": -1,
					"chi4": -1,
					"chi5": -1,
					"volume": 16.1,
					"atom": "O2G",
					"omega": -1,
					"cycleNumber": 0,
					"vdw": -0.81,
					"level": 0,
					"maxOccupancy": 375,
					"isHydrophobic": 0,
					"x": 4.322
				},
				{
					"isPolar": 0,
					"isBackbone": 1,
					"minOccupancy": 141,
					"solvationEnergy": 1.8,
					"vdwClashesRadius": 1.37,
					"neighbourAtoms": [
						"PG",
						"O2B",
						"O2B",
						"O2G",
						"O3G",
						"O3B",
						"999",
						"999",
						"999",
						"999",
						"999",
						"999",
						"999",
						"999",
						"999",
						"999"
					],
					"vdwInternalRadius": 1.37,
					"z": 0.028,
					"y": 4.89,
					"atom_type": "ATOM",
					"lastDihedral": 9,
					"phi": -1,
					"psi": -1,
					"chi2": -1,
					"chi3": -1,
					"chi1": -1,
					"chi6": -1,
					"chi7": -1,
					"chi4": -1,
					"chi5": -1,
					"volume": 16.1,
					"atom": "O1G",
					"omega": -1,
					"cycleNumber": 0,
					"vdw": -0.81,
					"level": 0,
					"maxOccupancy": 375,
					"isHydrophobic": 0,
					"x": 3.041
				},
				{
					"lastDihedral": 9,
					"isBackbone": 1,
					"minOccupancy": 141,
					"phi": -1,
					"vdwClashesRadius": 1.37,
					"neighbourAtoms": [
						"PG",
						"O1B'",
						"O2B",
						"O2G",
						"O1G",
						"O3B",
						"999",
						"999",
						"999",
						"999",
						"999",
						"999",
						"999",
						"999",
						"999",
						"999"
					],
					"vdwInternalRadius": 1.37,
					"z": -1.992,
					"y": 3.991,
					"atom_type": "ATOM",
					"isPolar": 0,
					"solvationEnergy": 1.8,
					"psi": -1,
					"chi2": -1,
					"chi3": -1,
					"chi1": -1,
					"chi6": -1,
					"chi7": -1,
					"chi4": -1,
					"chi5": -1,
					"volume": 16.1,
					"atom": "O3G",
					"omega": -1,
					"cycleNumber": 0,
					"vdw": -0.81,
					"level": 0,
					"maxOccupancy": 375,
					"isHydrophobic": 0,
					"x": 4.322
				}
			]
		},
		{
			"dataType": "hydrogenPosition",
			"hydrogenPosition": [
				{
					"atomPartner2": "C1'",
					"atomPartner1": "C4'",
					"atom": "O4'",
					"isProtonated": 0,
					"isExplicit": 0,
					"isVirtual": 0,
					"isCarbonyl": 0,
					"y": 0,
					"x": 0,
					"z": 0,
					"hydrogenName": "_"
				},
				{
					"atomPartner2": "C1'",
					"atomPartner1": "C3'",
					"atom": "C2'",
					"isProtonated": 1,
					"isExplicit": 1,
					"isVirtual": 0,
					"isCarbonyl": 0,
					"y": -0.8,
					"x": -0.539,
					"z": -0.382,
					"hydrogenName": "H21"
				},
				{
					"atomPartner2": "C1'",
					"atomPartner1": "C3'",
					"atom": "C2'",
					"isProtonated": 1,
					"isExplicit": 1,
					"isVirtual": 0,
					"isCarbonyl": 0,
					"y": 0.887,
					"x": -0.487,
					"z": -0.47,
					"hydrogenName": "H22"
				},
				{
					"atomPartner2": "O4'",
					"atomPartner1": "C2'",
					"atom": "C1'",
					"isProtonated": 1,
					"isExplicit": 1,
					"isVirtual": 0,
					"isCarbonyl": 0,
					"y": 0.887,
					"x": -0.487,
					"z": -0.27,
					"hydrogenName": "H1"
				},
				{
					"atomPartner2": "C6",
					"atomPartner1": "C1'",
					"atom": "N1",
					"isProtonated": 0,
					"isExplicit": 0,
					"isVirtual": 0,
					"isCarbonyl": 0,
					"y": 0,
					"x": 0,
					"z": 0,
					"hydrogenName": "_"
				},
				{
					"atomPartner2": "N1",
					"atomPartner1": "C2",
					"atom": "O2",
					"isProtonated": 0,
					"isExplicit": 0,
					"isVirtual": 1,
					"isCarbonyl": 1,
					"y": 0,
					"x": -0.866,
					"z": -0.5,
					"hydrogenName": "FO21"
				},
				{
					"atomPartner2": "N1",
					"atomPartner1": "C2",
					"atom": "O2",
					"isProtonated": 0,
					"isExplicit": 0,
					"isVirtual": 1,
					"isCarbonyl": 1,
					"y": 0,
					"x": 0.866,
					"z": -0.5,
					"hydrogenName": "FO22"
				},
				{
					"atomPartner2": "C4",
					"atomPartner1": "C2",
					"atom": "N3",
					"isProtonated": 1,
					"isExplicit": 1,
					"isVirtual": 0,
					"isCarbonyl": 0,
					"y": 0,
					"x": -0.986,
					"z": -0.533,
					"hydrogenName": "H3"
				},
				{
					"atomPartner2": "N3",
					"atomPartner1": "C4",
					"atom": "O4",
					"isProtonated": 0,
					"isExplicit": 0,
					"isVirtual": 1,
					"isCarbonyl": 1,
					"y": 0,
					"x": -0.866,
					"z": -0.5,
					"hydrogenName": "FO41"
				},
				{
					"atomPartner2": "N3",
					"atomPartner1": "C4",
					"atom": "O4",
					"isProtonated": 0,
					"isExplicit": 0,
					"isVirtual": 1,
					"isCarbonyl": 1,
					"y": 0,
					"x": 0.866,
					"z": -0.5,
					"hydrogenName": "FO42"
				},
				{
					"atomPartner2": "N1",
					"atomPartner1": "C5",
					"atom": "C6",
					"isProtonated": 1,
					"isExplicit": 1,
					"isVirtual": 0,
					"isCarbonyl": 0,
					"y": 0,
					"x": -0.986,
					"z": -0.533,
					"hydrogenName": "H6"
				},
				{
					"atomPartner2": "C5'",
					"atomPartner1": "O5'",
					"atom": "PA",
					"isExplicit": 0,
					"isProtonated": 0,
					"isVirtual": 0,
					"isCarbonyl": 0,
					"y": 0,
					"x": 0,
					"z": 0,
					"hydrogenName": "_"
				},
				{
					"atomPartner2": "O2A",
					"atomPartner1": "PA",
					"atom": "O1A",
					"isProtonated": 0,
					"isExplicit": 0,
					"isVirtual": 1,
					"isCarbonyl": 1,
					"y": 0,
					"x": -0.866,
					"z": -0.5,
					"hydrogenName": "FO11"
				},
				{
					"atomPartner2": "O2A",
					"atomPartner1": "PA",
					"atom": "O1A",
					"isProtonated": 0,
					"isExplicit": 0,
					"isVirtual": 1,
					"isCarbonyl": 1,
					"y": 0,
					"x": 0.866,
					"z": -0.5,
					"hydrogenName": "FO12"
				},
				{
					"atomPartner2": "O1A",
					"atomPartner1": "PA",
					"atom": "O2A",
					"isExplicit": 0,
					"isProtonated": 0,
					"isVirtual": 1,
					"isCarbonyl": 1,
					"y": 0,
					"x": -0.866,
					"z": -0.5,
					"hydrogenName": "FO21"
				},
				{
					"atomPartner2": "O1A",
					"atomPartner1": "PA",
					"atom": "O2A",
					"isExplicit": 0,
					"isProtonated": 0,
					"isVirtual": 1,
					"isCarbonyl": 1,
					"y": 0,
					"x": 0.866,
					"z": -0.5,
					"hydrogenName": "FO22"
				},
				{
					"atomPartner2": "O5'",
					"atomPartner1": "PA",
					"atom": "PB",
					"isExplicit": 0,
					"isProtonated": 0,
					"isVirtual": 0,
					"isCarbonyl": 0,
					"y": 0,
					"x": 0,
					"z": 0,
					"hydrogenName": "_"
				},
				{
					"atomPartner2": "O2B",
					"atomPartner1": "PB",
					"atom": "O1B",
					"isProtonated": 0,
					"isExplicit": 0,
					"isVirtual": 1,
					"isCarbonyl": 1,
					"y": 0,
					"x": -0.866,
					"z": -0.5,
					"hydrogenName": "FO11"
				},
				{
					"atomPartner2": "O2B",
					"atomPartner1": "PB",
					"atom": "O1B",
					"isProtonated": 0,
					"isExplicit": 0,
					"isVirtual": 1,
					"isCarbonyl": 1,
					"y": 0,
					"x": 0.866,
					"z": -0.5,
					"hydrogenName": "FO12"
				},
				{
					"atomPartner2": "O1B",
					"atomPartner1": "PB",
					"atom": "O2B",
					"isExplicit": 0,
					"isProtonated": 0,
					"isVirtual": 1,
					"isCarbonyl": 1,
					"y": 0,
					"x": -0.866,
					"z": -0.5,
					"hydrogenName": "FO21"
				},
				{
					"atomPartner2": "O1B",
					"atomPartner1": "PB",
					"atom": "O2B",
					"isExplicit": 0,
					"isProtonated": 0,
					"isVirtual": 1,
					"isCarbonyl": 1,
					"y": 0,
					"x": 0.866,
					"z": -0.5,
					"hydrogenName": "FO22"
				},
				{
					"atomPartner2": "O1G",
					"atomPartner1": "PG",
					"atom": "O2G",
					"isProtonated": 0,
					"isExplicit": 0,
					"isVirtual": 1,
					"isCarbonyl": 1,
					"y": 0,
					"x": -0.866,
					"z": -0.5,
					"hydrogenName": "FO21"
				},
				{
					"atomPartner2": "O1G",
					"atomPartner1": "PG",
					"atom": "O2G",
					"isProtonated": 0,
					"isExplicit": 0,
					"isVirtual": 1,
					"isCarbonyl": 1,
					"y": 0,
					"x": 0.866,
					"z": -0.5,
					"hydrogenName": "FO22"
				},
				{
					"atomPartner2": "O2G",
					"atomPartner1": "PG",
					"atom": "O1G",
					"isExplicit": 0,
					"isProtonated": 0,
					"isVirtual": 1,
					"isCarbonyl": 1,
					"y": 0,
					"x": -0.866,
					"z": -0.5,
					"hydrogenName": "FO11"
				},
				{
					"atomPartner2": "O2G",
					"atomPartner1": "PG",
					"atom": "O1G",
					"isExplicit": 0,
					"isProtonated": 0,
					"isVirtual": 1,
					"isCarbonyl": 1,
					"y": 0,
					"x": 0.866,
					"z": -0.5,
					"hydrogenName": "FO12"
				},
				{
					"atomPartner2": "O2G",
					"atomPartner1": "PG",
					"atom": "O3G",
					"isProtonated": 0,
					"isExplicit": 0,
					"isVirtual": 1,
					"isCarbonyl": 1,
					"y": 0,
					"x": -0.866,
					"z": -0.5,
					"hydrogenName": "FO31"
				},
				{
					"atomPartner2": "O2G",
					"atomPartner1": "PG",
					"atom": "O3G",
					"isProtonated": 0,
					"isExplicit": 0,
					"isVirtual": 1,
					"isCarbonyl": 1,
					"y": 0,
					"x": 0.866,
					"z": -0.5,
					"hydrogenName": "FO32"
				}
			]
		},
		{
			"dataType": "aminoAcidProperties",
			"aminoAcidProperties": [
				{
					"natural": 1,
					"molweight": 0,
					"DGmax": 0,
					"extinction": 0
				}
			]
		}
	]
}
